date,BTC_Price,BTC_network_hashrate,Difficulty_BTC,Estimated_TX_Volume_USD_BTC,Gold_in_USD,Litecoin_Price,DJI
05/04/2017,1134.14,3104629.598,5.00E+11,341916041.5,1245.8,8.25,20648.15039
30/03/2017,1042.21,3263345.893,4.76E+11,268053545.3,1248.8,4.18,20728.49023
28/03/2017,1044.58,3121461.289,4.76E+11,314065026.1,1257.25,4.07,20701.5
22/03/2017,1120.65,3357935.629,4.76E+11,338645232.7,1249.05,3.99,20661.30078
21/03/2017,1055.36,3216051.025,4.76E+11,302711967,1241.6,4.04,20668.00977
16/03/2017,1251.33,3252505.602,4.61E+11,321158674,1229.35,4.15,20934.55078
14/03/2017,1232.16,3321220.509,4.61E+11,305232655,1204.6,4.17,20837.36914
10/03/2017,1189.36,3389935.416,4.61E+11,264212241,1202.65,3.83,20902.98047
09/03/2017,1150.35,3252505.602,4.61E+11,301922502.9,1206.55,3.77,20858.18945
07/03/2017,1273.21,3252505.602,4.61E+11,292399611.8,1216.65,3.89,20924.75977
06/03/2017,1267.47,3367030.447,4.61E+11,220204063.4,1230.95,3.87,20954.33984
02/03/2017,1224.68,3155225.442,4.41E+11,288085091.7,1238.1,3.8,21002.9707
01/03/2017,1180.04,3352427.032,4.41E+11,254779003.3,1240.4,3.77,21115.55078
28/02/2017,1180.72,3155225.442,4.41E+11,263969347.8,1255.6,3.8,20812.24023
24/02/2017,1172.71,3286693.168,4.41E+11,329524919.7,1253.65,3.83,20821.75977
23/02/2017,1117.27,3045669.003,4.41E+11,223493550.8,1247.9,3.8,20810.32031
22/02/2017,1114.8,3023757.715,4.41E+11,239455904.8,1236.65,3.79,20775.59961
21/02/2017,1079.28,3242870.593,4.41E+11,194658608.6,1233.2,3.76,20743
17/02/2017,1026.12,3189904.332,4.22E+11,216881376.3,1241.95,3.78,20624.05078
16/02/2017,1007.65,2917083.567,4.22E+11,202631991.9,1240.55,3.8,20619.76953
14/02/2017,991.73,3420752.672,4.22E+11,193290195,1230.75,3.72,20504.41016
13/02/2017,998.89,2959055.992,4.22E+11,116833030.1,1222.25,3.77,20412.16016
09/02/2017,1064.7,3063987.056,4.22E+11,268446935.6,1236.8,4.03,20172.40039
08/02/2017,1062.32,3168918.119,4.22E+11,265069292,1242.1,4.05,20054.33984
07/02/2017,1040.14,2623276.589,4.22E+11,218667131.4,1231,4.05,20090.28906
06/02/2017,1028.4,3336807.821,4.22E+11,189360700.5,1226.75,4.06,20052.41992
03/02/2017,1011.46,3066886.627,3.93E+11,208080409.8,1215.2,4.08,20071.46094
01/02/2017,970.94,2832474.91,3.93E+11,219553619.8,1203.65,4.08,19890.93945
31/01/2017,920.96,2852009.22,3.93E+11,147934759.6,1212.8,4.02,19864.08984
30/01/2017,920.15,3262229.724,3.93E+11,130997412.2,1192.8,3.86,19971.13086
27/01/2017,918.36,3066886.627,3.93E+11,230425627.1,1184.85,3.84,20093.7793
26/01/2017,902.4,2930146.459,3.93E+11,271755757.1,1189.7,3.71,20100.91016
25/01/2017,891.92,2910612.149,3.93E+11,234204104,1195,3.79,20068.50977
24/01/2017,910.68,2715269.052,3.93E+11,198400469.2,1216.8,3.84,19912.71094
23/01/2017,925.5,3398969.892,3.39E+11,210976459,1212.85,3.86,19799.84961
20/01/2017,898.17,2914045.251,3.37E+11,234505943.3,1200.55,3.86,19827.25
19/01/2017,888.34,2528855.36,3.37E+11,259176379.5,1196.05,3.84,19732.40039
18/01/2017,909.37,2646087.06,3.37E+11,292157921.6,1214.75,3.94,19804.7207
17/01/2017,830.95,2830308.31,3.37E+11,207038818.9,1216.05,3.91,19826.76953
13/01/2017,803.74,2897297.86,3.37E+11,317369300.9,1190.35,3.95,19885.73047
11/01/2017,908.11,2679581.83,3.19E+11,284257957.8,1178.55,4.6,19954.2793
10/01/2017,902.44,2147763.14,3.18E+11,267769180.3,1189.5,4.3,19855.5293
09/01/2017,913.24,2637326.79,3.18E+11,211475099,1178.5,4,19887.38086
04/01/2017,1044.4,2589949.67,3.18E+11,340688236.3,1164.25,4.63,19942.16016
03/01/2017,1021.6,2526780.16,3.18E+11,284471581.6,1151,4.66,19881.75977
30/12/2016,972.53,2368856.4,3.18E+11,309246380.7,1145.9,4.56,19762.59961
29/12/2016,975.13,2589949.67,3.12E+11,326666676.6,1145.9,4.58,19819.7793
28/12/2016,934.83,2405181.75,3.10E+11,322486430.1,1134.6,4.49,19833.67969
27/12/2016,908.35,2189332.11,3.10E+11,243946016.5,1131.35,4.37,19945.03906
23/12/2016,864.89,2451435.25,3.10E+11,331099340,1131.35,3.72,19933.81055
22/12/2016,834.18,2451435.25,3.10E+11,321107915.4,1131.35,3.67,19918.88086
21/12/2016,800.64,2127660.78,3.10E+11,245012593.5,1133.65,3.66,19941.96094
20/12/2016,792.25,2343510.43,3.10E+11,221887382.6,1125.7,3.66,19974.61914
19/12/2016,790.69,2173914.28,3.10E+11,155830419.3,1136.25,3.68,19883.06055
16/12/2016,778.96,1958064.63,3.08E+11,221944104.7,1131.6,3.63,19843.41016
15/12/2016,780.07,1981473.29,2.87E+11,211719980.8,1126.95,3.61,19852.24023
14/12/2016,780.01,2537426.23,2.87E+11,200234698.5,1162.25,3.66,19792.5293
13/12/2016,780.65,2223811.75,2.87E+11,214657678,1158.55,3.67,19911.21094
12/12/2016,770.04,2223811.75,2.87E+11,214657678,1156.1,3.64,19796.42969
09/12/2016,769.94,2238066.96,2.87E+11,217843730.6,1163.6,3.69,19756.84961
08/12/2016,768.08,2494660.62,2.87E+11,225933753.5,1171.05,3.6,19614.81055
07/12/2016,764.21,2138280.53,2.87E+11,219286012.9,1177.65,3.54,19549.61914
06/12/2016,758.72,2166790.94,2.87E+11,208779869.8,1172.5,3.49,19251.7793
05/12/2016,773.39,2109770.13,2.87E+11,100618181.3,1162.2,3.88,19216.24023
02/12/2016,757.54,2045226.33,2.82E+11,195432627.8,1173.5,3.92,19170.41992
01/12/2016,746.05,1989192.73,2.82E+11,204169344,1161.85,3.91,19191.92969
30/11/2016,736.28,2115268.33,2.82E+11,224707688.3,1178.1,3.89,19123.58008
29/11/2016,736.33,2297377.53,2.82E+11,198614920.8,1186.55,3.89,19121.59961
28/11/2016,732.48,2017209.53,2.82E+11,129855387.8,1187,3.9,19097.90039
25/11/2016,740.44,2297377.53,2.82E+11,252699561,1187.7,3.91,19152.14063
23/11/2016,751.74,1877125.54,2.82E+11,223163107.2,1185.35,3.97,19083.17969
22/11/2016,739.64,1961175.94,2.82E+11,193256336.4,1212.25,3.95,19023.86914
21/11/2016,731.27,1807083.54,2.82E+11,128523869.5,1214.25,3.93,18956.68945
18/11/2016,740.71,2012500.86,2.55E+11,249776321.2,1211,3.96,18867.92969
17/11/2016,744.88,2177044.96,2.55E+11,270653443.7,1226.75,4.06,18903.82031
16/11/2016,711.17,1974529.15,2.55E+11,190622060.2,1229.2,3.9,18868.14063
15/11/2016,705.79,2177044.96,2.55E+11,168532361.9,1226.95,3.89,18923.06055
14/11/2016,702,1809985.05,2.55E+11,124728414.9,1213.6,3.88,18868.68945
11/11/2016,715.55,2126416.01,2.55E+11,187613066,1236.45,3.84,18847.66016
10/11/2016,722.84,1860614.01,2.55E+11,289544177.6,1267.5,3.86,18807.88086
09/11/2016,709.83,2139073.24,2.55E+11,209569075.1,1281.4,3.85,18589.68945
08/11/2016,703.09,1847956.77,2.55E+11,190875055,1282.35,3.84,18332.74023
07/11/2016,710.74,1949214.67,2.55E+11,169183042.9,1283.05,3.89,18259.59961
04/11/2016,689.12,1966759.3,2.54E+11,204145450.3,1302.8,3.86,17888.2793
03/11/2016,742.35,1676788.37,2.54E+11,169116165.3,1301,4.11,17930.66992
02/11/2016,730.07,1815470.12,2.54E+11,211281401.1,1303.75,4.09,17959.64063
01/11/2016,701.34,1853292.41,2.54E+11,207351752.7,1288.45,4,18037.09961
31/10/2016,702.64,2130655.91,2.54E+11,179744501.4,1272,4.04,18142.41992
28/10/2016,688,2042403.89,2.54E+11,283234072.6,1273,4.04,18161.18945
27/10/2016,678.21,1752432.96,2.54E+11,176802053,1266.25,3.96,18169.67969
26/10/2016,657.68,1752432.96,2.54E+11,195708742.5,1270.5,3.91,18199.33008
25/10/2016,654,1802862.69,2.54E+11,207336575.3,1269.4,3.87,18169.26953
24/10/2016,657.16,1815470.12,2.54E+11,104494840.8,1265.55,3.92,18223.0293
21/10/2016,630.83,1722065.56,2.59E+11,183925044.7,1266.05,3.79,18145.71094
20/10/2016,630.66,1619255.67,2.59E+11,154515407.9,1271.65,3.81,18162.34961
19/10/2016,638.13,1991941.5,2.59E+11,216932535.9,1269.05,3.85,18202.61914
18/10/2016,639.41,1606404.44,2.59E+11,162800543.7,1258.2,3.95,18161.93945
17/10/2016,641.82,1670660.61,2.59E+11,118023531.2,1254.8,3.89,18086.40039
14/10/2016,637.01,1644958.14,2.59E+11,165694238.8,1251.75,3.91,18138.38086
13/10/2016,636.03,1863429.15,2.59E+11,291240400.9,1261.05,3.75,18098.93945
12/10/2016,640.87,1786321.73,2.59E+11,194960089.5,1256.5,3.82,18144.19922
11/10/2016,619.24,1606404.44,2.59E+11,147286256.4,1253.45,3.8,18128.66016
10/10/2016,616.82,2056197.68,2.59E+11,118494680.5,1259.5,3.82,18329.03906
07/10/2016,612.61,1930626.53,2.41E+11,147862058.6,1258.75,3.84,18240.49023
06/10/2016,612.47,2002575.35,2.41E+11,149242509.6,1254.5,3.85,18268.5
05/10/2016,610.22,1894652.12,2.41E+11,168434258.2,1269.4,3.83,18281.0293
04/10/2016,612.05,1822703.31,2.41E+11,153303975.3,1283.3,3.84,18168.44922
03/10/2016,610.97,1690797.15,2.41E+11,98603245.04,1313.3,3.85,18253.84961
30/09/2016,605.72,1714780.09,2.41E+11,154115925.8,1322.5,3.84,18308.15039
29/09/2016,605.02,1774737.43,2.41E+11,150481350,1318.1,3.84,18143.44922
28/09/2016,606.24,2026558.28,2.41E+11,147525117.8,1322.5,3.85,18339.24023
27/09/2016,608.02,1834694.78,2.41E+11,151722294.1,1327,3.86,18228.30078
26/09/2016,600.81,2230413.26,2.35E+11,153681855.5,1340.5,3.8,18094.83008
23/09/2016,596.2,1582896.02,2.26E+11,118467306.4,1338.65,3.77,18261.44922
22/09/2016,597.28,1863551.35,2.26E+11,152507128.5,1339.1,3.86,18392.46094
21/09/2016,603.59,1717610.58,2.26E+11,148383128.5,1326.1,3.87,18293.69922
20/09/2016,609.25,1493086.32,2.26E+11,134760154.4,1313.8,3.83,18129.96094
19/09/2016,609.87,1627800.88,2.26E+11,101804671.5,1314.85,4.04,18120.16992
16/09/2016,607.25,1728836.79,2.26E+11,123313922.9,1308.35,3.82,18123.80078
15/09/2016,610.59,1751289.22,2.26E+11,134490737.6,1310.8,3.83,18212.48047
14/09/2016,608.84,1863551.35,2.26E+11,145930431.2,1321.75,3.82,18034.76953
13/09/2016,608.03,1829872.71,2.25E+11,131334047.5,1323.65,3.83,18066.75
12/09/2016,607.01,1799709.05,2.21E+11,99918473.18,1324.6,3.87,18325.07031
09/09/2016,626.35,1580232.34,2.21E+11,154415043.4,1330.85,3.98,18085.44922
08/09/2016,614.64,1668023.03,2.21E+11,143426494.4,1343.4,3.97,18479.91016
07/09/2016,610.57,1492441.65,2.21E+11,140759736.1,1348.35,3.99,18526.14063
06/09/2016,606.51,1536337,2.21E+11,159238902.6,1337.25,3.98,18538.11914
02/09/2016,572.41,1547310.83,2.21E+11,160610637.8,1324.7,3.84,18491.96094
01/09/2016,575.55,1481467.82,2.21E+11,162059671.7,1309.5,3.8,18419.30078
31/08/2016,577.59,1810682.89,2.21E+11,153077158.7,1309.25,3.81,18400.88086
30/08/2016,574.11,1635101.52,2.18E+11,144265305.9,1318.15,3.77,18454.30078
29/08/2016,574.07,1642480.66,2.17E+11,82377528.3,1318.75,3.74,18502.99023
26/08/2016,577.75,1404753.2,2.17E+11,140844312.9,1318.75,3.8,18395.40039
25/08/2016,580.18,1653286.46,2.17E+11,157159537.2,1321.3,3.86,18448.41016
24/08/2016,583.41,1588451.69,2.17E+11,165358019.8,1327.25,3.93,18481.48047
23/08/2016,586.77,1718121.22,2.17E+11,146968577.6,1342,3.66,18547.30078
22/08/2016,581.31,1761344.39,2.17E+11,79203717.81,1335.9,3.62,18529.41992
19/08/2016,574.34,1664092.25,2.17E+11,141677830,1346.4,3.61,18552.57031
18/08/2016,573.71,1329112.64,2.17E+11,162671083.2,1350.05,3.6,18597.69922
17/08/2016,577.76,1469587.96,2.17E+11,182623774.5,1343.35,3.65,18573.93945
16/08/2016,567.24,1577645.9,2.03E+11,120670960.5,1344,3.59,18552.01953
15/08/2016,570.49,1645931.21,2.02E+11,116178765.9,1339.4,3.65,18636.05078
12/08/2016,588.8,1505424.89,2.02E+11,187360466.6,1352.2,3.74,18576.4707
11/08/2016,592.12,1525497.22,2.02E+11,174776758.7,1355,3.72,18613.51953
10/08/2016,587.65,1254520.74,2.02E+11,152251392.8,1347.7,3.76,18495.66016
09/08/2016,591.04,1495388.72,2.02E+11,141320110,1341,3.78,18533.05078
08/08/2016,592.74,1485352.56,2.02E+11,154550349.7,1336.8,3.77,18529.28906
05/08/2016,578.28,1535533.39,2.02E+11,209474938.5,1340.4,3.74,18543.5293
04/08/2016,566.33,1686075.87,2.02E+11,205115591.3,1362.75,3.71,18352.05078
03/08/2016,548.66,1555605.72,2.11E+11,319085008.1,1358.9,3.64,18355
02/08/2016,606.4,1623753.77,2.13E+11,173391619.3,1363.75,3.87,18313.76953
01/08/2016,624.6,1634366.54,2.13E+11,146181270.1,1349.65,4.06,18404.50977
29/07/2016,655.11,1453949.46,2.13E+11,169387536.7,1342,3.97,18432.24023
28/07/2016,654.49,1358434.53,2.13E+11,169779142.3,1341.75,3.97,18456.34961
27/07/2016,651.63,1369047.3,2.13E+11,177602256.8,1329,3.96,18472.16992
26/07/2016,654.23,1400885.61,2.13E+11,136159538.3,1323,4.04,18473.75
25/07/2016,661.26,1337208.99,2.13E+11,130573193.9,1313.15,4.07,18493.06055
22/07/2016,664.92,1411498.38,2.13E+11,139216838.4,1320.75,4.13,18570.84961
21/07/2016,665.23,1591915.46,2.13E+11,167509836.8,1321.15,4.13,18517.23047
20/07/2016,672.81,1358434.53,2.13E+11,237841255.9,1315.9,4.15,18595.0293
19/07/2016,672.74,1581302.69,2.13E+11,196352735.7,1330.9,4.15,18559.00977
18/07/2016,679.81,1580609.59,2.13E+11,161580179,1334.7,4.2,18533.05078
15/07/2016,659.17,1506352.77,2.13E+11,164674255.3,1327,4.15,18516.55078
14/07/2016,652.92,1379055.35,2.13E+11,187860898,1323.6,4.14,18506.41016
13/07/2016,664.8,1516960.89,2.13E+11,193691457.4,1342.75,4.16,18372.11914
12/07/2016,648.28,1516960.89,2.13E+11,166782085.8,1342.4,4.09,18347.66992
11/07/2016,648.48,1654866.42,2.13E+11,102817416.2,1357.1,4.12,18226.92969
08/07/2016,640.69,1463920.3,2.13E+11,211036735.6,1354.25,4.12,18146.74023
07/07/2016,678.09,1485136.53,2.13E+11,183599980.7,1356.7,4.5,17895.88086
06/07/2016,670.42,1538177.12,2.13E+11,195754949.9,1366.25,4.46,17918.61914
05/07/2016,683.21,1601825.83,2.10E+11,163158062.2,1350.75,4.56,17840.61914
01/07/2016,672.52,1561795.94,2.09E+11,228428274.7,1340,4.19,17949.36914
30/06/2016,640.59,1520148.05,2.09E+11,199609619.2,1320.75,4.08,17929.99023
29/06/2016,644.12,1551383.97,2.09E+11,204747904.5,1321.5,4.1,17694.67969
28/06/2016,658.1,1530560.02,2.09E+11,205564516.7,1309.7,4.14,17409.7207
27/06/2016,629.35,1530560.02,2.09E+11,161836641.2,1324.55,4.05,17140.24023
24/06/2016,625.58,1457676.21,2.09E+11,304840842.5,1315.5,3.85,17400.75
23/06/2016,597.44,1343144.51,2.09E+11,287826976.7,1262.15,3.92,18011.07031
22/06/2016,665.91,1551383.97,2.06E+11,314077556.9,1264.85,4.83,17780.83008
21/06/2016,735.88,1598387.66,1.96E+11,217443810.7,1272.6,5.27,17829.73047
20/06/2016,763.93,1725089.12,1.96E+11,154471559.7,1281.8,5.63,17804.86914
16/06/2016,696.52,1500925,1.96E+11,233609444.6,1310.75,5.25,17733.09961
15/06/2016,685.68,1296253.41,1.96E+11,249400335.6,1283.3,5.22,17640.16992
14/06/2016,704.5,1569148.866,1.96E+11,193653353.3,1287.15,5.31,17674.82031
13/06/2016,671.65,1422954.872,1.96E+11,298940133.4,1280.8,5.41,17732.48047
10/06/2016,575.84,1608133.931,1.96E+11,211910903.4,1275.5,4.75,17865.33984
09/06/2016,582.2,1403462.34,1.96E+11,178904099.3,1263.9,4.78,17985.18945
08/06/2016,577.17,1406915.64,1.99E+11,207725690.1,1263,4.77,18005.05078
07/06/2016,585.45,1684335.625,1.99E+11,178161282.1,1241,4.95,17938.2793
06/06/2016,574.6,1694243.482,1.99E+11,139945580.8,1244,4.81,17920.33008
03/06/2016,537.68,1367284.213,1.99E+11,189861752,1240.5,4.72,17807.06055
02/06/2016,536.52,1426731.353,1.99E+11,194100011.2,1212.4,4.74,17838.56055
01/06/2016,531.11,1258297.79,1.99E+11,220052229.1,1214.5,4.65,17789.66992
31/05/2016,534.19,1436639.21,1.99E+11,232301687.3,1212.1,4.69,17787.19922
27/05/2016,453.52,1357376.357,1.99E+11,166731059.5,1216.25,4.09,17873.2207
26/05/2016,449.67,1377192.07,1.99E+11,171807424.3,1223.85,4.05,17828.28906
25/05/2016,446.06,1456454.923,1.95E+11,147616920,1220.6,3.95,17851.50977
24/05/2016,444.29,1747819.168,1.94E+11,127147867.8,1236.85,3.96,17706.05078
23/05/2016,439.35,1776788.547,1.94E+11,84832969.49,1245.9,3.92,17492.92969
20/05/2016,437.79,1168431.599,1.94E+11,161110261.4,1254.2,3.82,17500.93945
19/05/2016,454.52,1487094.762,1.94E+11,156226625.3,1246.25,4,17435.40039
18/05/2016,453.69,1361560.789,1.94E+11,144340459,1272.9,3.98,17526.61914
17/05/2016,454.01,1361560.789,1.94E+11,138501762.6,1277,4,17529.98047
16/05/2016,457.59,1342247.87,1.94E+11,97252822.46,1285.75,4.06,17710.71094
13/05/2016,454.85,1342247.87,1.94E+11,158093082.9,1265.9,3.86,17535.32031
12/05/2016,452.45,1284309.113,1.91E+11,143001664.2,1279.25,3.88,17720.5
11/05/2016,450.86,1403229.58,1.79E+11,153374229.6,1276.85,3.82,17711.11914
10/05/2016,460.52,1536447.578,1.79E+11,138359065.9,1262.8,4.06,17928.34961
09/05/2016,458.21,1447635.58,1.79E+11,72466700.77,1265.25,3.94,17705.91016
06/05/2016,447.94,1385467.181,1.79E+11,129129621.4,1289,3.72,17740.63086
05/05/2016,446.71,1492041.579,1.79E+11,193746215.1,1280.25,3.74,17660.71094
04/05/2016,450.18,1341061.181,1.79E+11,145137873.8,1283,3.74,17651.25977
03/05/2016,444.73,1394348.38,1.79E+11,143257803.9,1294,3.68,17750.91016
02/05/2016,451.93,1376585.981,1.79E+11,85326421.84,1285.65,3.71,17891.16016
29/04/2016,449.41,1207843.183,1.79E+11,171720826,1285.65,3.79,17773.64063
28/04/2016,445.04,1145796.944,1.79E+11,167458968.2,1256,3.88,17830.75977
27/04/2016,466.26,1341204.175,1.79E+11,170332016.5,1247.4,4.05,18041.55078
26/04/2016,461.65,1128032.65,1.79E+11,168025613.1,1241.7,3.8,17990.32031
25/04/2016,459.12,1172443.384,1.79E+11,110486293.2,1238.9,3.62,17977.24023
22/04/2016,449.69,1341204.175,1.79E+11,156462733.1,1243.25,3.35,18003.75
21/04/2016,441.42,1465554.23,1.79E+11,138381943,1249.25,3.28,17982.51953
20/04/2016,435.32,1332322.028,1.79E+11,118542250,1252,3.29,18096.26953
19/04/2016,428.7,1199089.825,1.79E+11,104817236,1255.4,3.25,18053.59961
18/04/2016,427.61,1358968.468,1.79E+11,79440650,1234.3,3.26,18004.16016
15/04/2016,424.43,1465554.23,1.79E+11,116332488,1227.1,3.24,17897.46094
14/04/2016,423.93,1302194.693,1.67E+11,131626794,1233.85,3.25,17926.42969
13/04/2016,425.63,1260723.524,1.67E+11,145387002,1245.75,3.26,17908.2793
12/04/2016,422.84,1252429.291,1.67E+11,111212456,1254.6,3.24,17721.25
11/04/2016,421.87,1443196.666,1.67E+11,84161958,1254.75,3.23,17556.41016
08/04/2016,422.91,1210958.122,1.67E+11,159074674,1239.5,3.24,17576.96094
07/04/2016,423.62,1285606.226,1.67E+11,151503740,1242.1,3.26,17541.96094
06/04/2016,424.28,1235840.823,1.67E+11,139881431,1221.4,3.26,17716.05078
05/04/2016,421.02,1360254.329,1.67E+11,111607536,1231.25,3.25,17603.32031
04/04/2016,421.3,1219252.356,1.67E+11,75942750,1219.75,3.26,17737
01/04/2016,416.76,1028361.537,1.65E+11,122664433,1213.6,3.25,17792.75
31/03/2016,415.26,1308075.875,1.65E+11,156573869,1237,3.23,17685.08984
30/03/2016,416.83,1398571.69,1.65E+11,117297491,1236.25,3.23,17716.66016
29/03/2016,424.3,1168218.706,1.65E+11,120905357,1226,3.26,17633.10938
28/03/2016,426.55,1258714.521,1.65E+11,115335330,1221,3.3,17535.39063
24/03/2016,418.42,1242260.737,1.65E+11,111018758,1221,3.25,17515.73047
23/03/2016,418.16,1225806.952,1.65E+11,123716357,1217.6,3.23,17502.58984
22/03/2016,413.13,1036588.429,1.65E+11,95667032,1252.5,3.2,17582.57031
21/03/2016,413.42,1242260.737,1.65E+11,70623066,1244.9,3.21,17623.86914
18/03/2016,420.55,1063186.967,1.58E+11,115249577,1252.1,3.31,17602.30078
17/03/2016,417.89,1338828.033,1.58E+11,106343004,1266.5,3.31,17481.49023
16/03/2016,416.89,1197069.77,1.58E+11,117684224,1228.5,3.31,17325.75977
15/03/2016,416.39,1197069.77,1.58E+11,117684224,1232,3.3,17251.5293
14/03/2016,414.2,1189194.311,1.58E+11,112266995,1242.75,3.31,17229.13086
11/03/2016,417.24,1267948.902,1.58E+11,139051016,1264.75,3.29,17213.31055
10/03/2016,414.74,1299450.738,1.58E+11,114428780,1266.5,3.28,16995.13086
09/03/2016,413.89,1055311.508,1.58E+11,120042367,1246.4,3.25,17000.35938
08/03/2016,414.46,1220696.147,1.58E+11,127840873,1267,3.27,16964.09961
07/03/2016,407.76,1094688.803,1.58E+11,135654591,1267.9,3.22,17073.94922
04/03/2016,421.84,1080919.495,1.63E+11,216563283,1277.5,3.32,17006.76953
03/03/2016,423.91,1275972.637,1.63E+11,236848413,1250.25,3.36,16943.90039
02/03/2016,435.13,1040283.424,1.63E+11,222905346,1239.2,3.43,16899.32031
01/03/2016,437.92,1097173.923,1.63E+11,226500160,1236.5,3.45,16865.08008
29/02/2016,433.44,1210954.923,1.63E+11,146428747,1234.9,3.44,16516.5
26/02/2016,424.63,1178446.066,1.63E+11,150561021,1226.5,3.37,16639.9707
25/02/2016,425.04,999647.3525,1.63E+11,140056077,1236,3.39,16697.28906
24/02/2016,420.96,1097173.923,1.63E+11,157192209,1250.75,3.4,16484.99023
23/02/2016,438.26,1056537.852,1.63E+11,142238677,1221.35,3.49,16431.7793
22/02/2016,438.99,1024028.995,1.63E+11,136792550,1211,3.47,16620.66016
19/02/2016,422.73,1289532.147,1.44E+11,150820601,1231.15,3.26,16391.99023
18/02/2016,416.57,1002969.447,1.44E+11,171220047,1210.1,3.25,16413.42969
17/02/2016,407.66,1067446.055,1.44E+11,150215514,1210,3.23,16453.83008
16/02/2016,401.43,1060281.987,1.44E+11,144821341,1209.5,3.2,16196.41016
12/02/2016,379.69,1375500.956,1.44E+11,135127313,1239.75,3.09,15973.83984
11/02/2016,382.11,1210727.404,1.44E+11,129887155,1241,3.11,15660.17969
10/02/2016,376.15,1210727.404,1.44E+11,108565966,1190,3.09,15914.74023
09/02/2016,373.42,1153414.864,1.44E+11,93311393,1191,3.08,16014.37988
08/02/2016,376.76,1303860.281,1.44E+11,79599219,1193.25,3.09,16027.04981
05/02/2016,388.9,1103874.6,1.20E+11,121094475,1150.35,3.17,16204.96973
04/02/2016,370.17,1038238.813,1.20E+11,107890707,1156.35,3.06,16416.58008
03/02/2016,374.65,978569.9154,1.20E+11,144577638,1132,3.09,16336.66016
02/02/2016,372.92,1050172.592,1.20E+11,150761429,1128.5,3.09,16153.54004
01/02/2016,369.35,1068073.261,1.20E+11,76182517,1126.5,3.07,16449.17969
29/01/2016,380.11,883099.6798,1.20E+11,150896201,1111.8,3.14,16466.30078
28/01/2016,395.15,918901.0182,1.20E+11,134666967,1114,3.29,16069.63965
27/01/2016,392.44,978569.9154,1.20E+11,124530436,1116.25,3.16,15944.45996
26/01/2016,392,974832.9956,1.13E+11,179714636,1113.6,3.13,16167.23047
25/01/2016,402.32,935388.8859,1.13E+11,80026649,1106.6,3.19,15885.21973
22/01/2016,409.75,755072.9561,1.13E+11,135289667,1096.25,3.23,16093.50977
21/01/2016,419.63,822691.4298,1.13E+11,128208178,1096.5,3.38,15882.67969
20/01/2016,379.74,839596.0482,1.13E+11,86289615,1101.75,3.01,15766.74023
19/01/2016,387.03,986102.7412,1.13E+11,73971077,1086.25,3.05,16016.01953
15/01/2016,430.26,743803.2105,1.13E+11,88360661,1093.75,3.46,15988.08008
14/01/2016,432.29,862135.5394,1.13E+11,107417819,1088.4,3.47,16379.04981
13/01/2016,434.67,908849.8762,1.04E+11,99053316,1088.15,3.49,16151.41016
12/01/2016,448.18,877866.3577,1.04E+11,106830047,1085.4,3.55,16516.2207
11/01/2016,448.7,877866.3577,1.04E+11,85552386,1100.75,3.53,16398.57031
08/01/2016,457.54,743604.4442,1.04E+11,127522745,1101.85,3.6,16346.4502
07/01/2016,430.01,702293.0862,1.04E+11,92674992,1106.35,3.45,16514.09961
06/01/2016,431.86,841718.9194,1.04E+11,90298235,1091.4,3.47,16906.50977
05/01/2016,433.07,903685.9565,1.04E+11,81211038,1077,3.49,17158.66016
04/01/2016,430.06,769424.0429,1.04E+11,51825525,1082.25,3.48,17148.93945
31/12/2015,425.88,803647.0416,93448670796,99926963,1060,3.46,17425.0293
30/12/2015,433.3,706094.5105,93448670796,102312368,1060,3.51,17603.86914
29/12/2015,422.1,747902.7381,93448670796,105765156,1070.1,3.47,17720.98047
28/12/2015,423.34,905844.9313,93448670796,77008774,1068.25,3.48,17528.26953
24/12/2015,443.09,766484.1726,93448670796,169017138,1068.25,3.59,17552.16992
23/12/2015,436.72,654995.5657,93448670796,204851463,1068.25,3.43,17602.60938
22/12/2015,437.44,715385.2278,93448670796,191824512,1074.9,3.46,17417.26953
21/12/2015,442.84,785065.6071,93448670796,137599935,1078.75,3.55,17251.61914
18/12/2015,455.85,625219.9086,79102380900,178504692,1062.5,3.75,17128.55078
17/12/2015,454.78,660609.7147,79102380900,196572300,1049.4,3.7,17495.83984
16/12/2015,465.21,758914.7318,79102380900,211179671,1075.25,3.84,17749.08984
15/12/2015,443.88,692067.3202,79102380900,180001345,1061.5,3.62,17524.91016
14/12/2015,433.27,585897.9018,79102380900,166932544,1068.25,3.64,17368.5
11/12/2015,415.28,770711.3338,79102380900,188140441,1072.5,3.67,17265.21094
10/12/2015,417.99,695999.5209,79102380900,209048581,1071,3.67,17574.75
09/12/2015,414.44,625219.9086,79102380900,169230099,1081,3.68,17492.30078
08/12/2015,395.75,593762.3031,79102380900,171097161,1072.1,3.65,17568
07/12/2015,389.98,621791.8738,72722780643,204388399,1075.8,3.45,17730.50977
04/12/2015,361.26,520569.9409,72722780643,144818393,1079.25,3.38,17847.63086
03/12/2015,359.33,531415.148,72722780643,179126440,1055.45,3.35,17477.66992
02/12/2015,361.85,694093.2545,72722780643,164357757,1055.4,3.43,17729.67969
01/12/2015,377.41,542260.3551,72722780643,149526592,1065.4,3.63,17888.34961
30/11/2015,371.44,567565.8383,72722780643,80614403,1061.9,3.66,17719.91992
27/11/2015,351.86,585641.1835,72722780643,156934988,1057.4,3.6,17813.39063
25/11/2015,320.05,549490.4932,72722780643,91364433,1068,3.11,17813.39063
24/11/2015,323.01,523733.5231,65848255180,89102741,1076.4,3.13,17812.18945
23/11/2015,324.35,569560.2064,65848255180,75147447,1070.5,3.14,17792.67969
20/11/2015,326.41,458266.8327,65848255180,122475995,1081.75,3.14,17823.81055
19/11/2015,334.68,458266.8327,65848255180,148663615,1082.6,3.19,17732.75
18/11/2015,334.59,527006.8577,65848255180,130298464,1067.75,3.2,17737.16016
17/11/2015,330.36,576106.8755,65848255180,138934071,1079.2,3.19,17489.5
16/11/2015,319.73,474633.5053,65848255180,110601252,1084.75,3.07,17483.00977
13/11/2015,338.5,477906.8399,65848255180,169188929,1081.5,3.27,17245.24023
12/11/2015,314.08,579380.21,65848255180,208061443,1087.4,2.97,17448.07031
11/11/2015,339.82,442536.7022,62253982450,156434921,1085.9,3.12,17702.2207
10/11/2015,379.98,454915.3512,62253982450,192380718,1087.1,3.4,17758.21094
09/11/2015,374.32,433252.7154,62253982450,126005472,1089.6,3.43,17730.48047
06/11/2015,388.05,461104.6757,62253982450,297532097,1088.9,3.95,17910.33008
05/11/2015,408.08,479672.6492,62253982450,335396983,1106.3,4.2,17863.42969
04/11/2015,403.66,488956.636,62253982450,257446389,1114.7,4.58,17867.58008
03/11/2015,361.87,448726.0267,62253982450,157289900,1123.1,4.17,17918.15039
02/11/2015,325.94,492051.2982,62253982450,119375905,1134,3.98,17828.75977
30/10/2015,313.94,458010.0135,62253982450,149071857,1142.35,3.77,17663.53906
29/10/2015,304.32,411610.9878,60883825480,113847827,1148.6,3.1,17755.80078
28/10/2015,293.7,478195.1182,60883825480,109466158,1179.6,3.1,17779.51953
27/10/2015,285.18,460035.8099,60883825480,88690534,1165.7,3.11,17581.42969
26/10/2015,283.63,469115.464,60883825480,92380642,1166.4,3.07,17623.05078
23/10/2015,273.65,475168.5668,60883825480,92020442,1161.25,3.12,17646.69922
22/10/2015,266.5,438849.9502,60883825480,84130269,1167,3.08,17489.16016
21/10/2015,269.31,384372.0253,60883825480,85037764,1167.1,3.09,17168.60938
20/10/2015,263.57,502407.5292,60883825480,79757425,1177.75,3.05,17217.10938
19/10/2015,261.86,432796.8474,60883825480,55639300,1175.4,3.03,17230.53906
16/10/2015,254.3,469115.464,60883825480,79291658,1180.85,3.11,17215.9707
15/10/2015,252.11,493327.8751,60883825480,93268450,1184.25,3.15,17141.75
14/10/2015,249.49,459502.3481,60813224039,84280201,1173.9,3.18,16924.75
13/10/2015,245.2,405087.5964,60813224039,72717263,1165.2,3.14,17081.89063
12/10/2015,246.88,423225.847,60813224039,58347195,1164.9,3.15,17131.85938
09/10/2015,242.5,402064.5546,60813224039,73817327,1151.55,3.07,17084.49023
08/10/2015,243.07,414156.7217,60813224039,102730022,1140,3.06,17050.75
07/10/2015,246.17,408110.6381,60813224039,77926003,1144.6,3.15,16912.28906
06/10/2015,240.36,450433.2228,60813224039,84528657,1147.5,3.02,16790.18945
05/10/2015,238.15,447410.1811,60813224039,54579155,1139.75,3.02,16776.42969
02/10/2015,237.26,377880.2205,60813224039,89839880,1140.75,3,16472.36914
01/10/2015,236,465548.4317,60813224039,66783456,1119,3.01,16272.00977
30/09/2015,236.64,457184.3278,59335351234,75431055,1114,2.97,16284.7002
29/09/2015,239.02,510276.7014,59335351234,73949342,1132.1,3.1,16049.12988
28/09/2015,232.84,409991.1069,59335351234,68370342,1131.05,2.88,16001.88965
25/09/2015,234.36,427688.5647,59335351234,51929411,1146.65,2.93,16314.66992
24/09/2015,230.36,442436.4463,59335351234,64070252,1154.5,2.87,16201.32031
23/09/2015,230.94,471932.2093,59335351234,73488137,1131.35,2.86,16279.88965
22/09/2015,226.97,389344.0727,59335351234,76311891,1122.9,2.8,16330.46973
21/09/2015,231.22,353949.157,59335351234,47230390,1133.25,2.85,16510.18945
18/09/2015,233.52,399224.5888,56957648455,64611517,1141.5,2.91,16384.58008
17/09/2015,229.08,421875.6293,56957648455,58298798,1117.5,2.81,16674.74023
16/09/2015,230.25,461514.9501,56957648455,58032972,1117.6,2.83,16739.94922
15/09/2015,230.49,450189.4299,56957648455,53013943,1105.95,2.84,16599.84961
14/09/2015,230.61,396393.2087,56957648455,41946773,1104.8,2.81,16370.95996
11/09/2015,238.33,478503.2305,56957648455,70923369,1100.25,2.95,16433.08984
10/09/2015,238.34,399224.5888,56957648455,75625367,1109.5,2.92,16330.40039
09/09/2015,243.41,393561.8286,56957648455,65127397,1109.85,3.05,16253.57031
08/09/2015,239.85,385067.6885,56957648455,53100171,1121.15,3.05,16492.67969
04/09/2015,227.21,407263.8701,54256630328,58224697,1118.25,2.64,16102.37988
03/09/2015,229.32,415355.2053,54256630328,52401262,1128,2.8,16374.75977
02/09/2015,228.03,409960.9819,54256630328,84204525,1137.75,2.82,16351.37988
01/09/2015,230.26,428840.7639,54256630328,52272214,1142.3,2.85,16058.34961
31/08/2015,229.11,388384.0881,54256630328,39950881,1135,2.85,16528.0293
28/08/2015,224.7,401869.6467,54256630328,56877510,1135,2.84,16643.00977
27/08/2015,226.05,418052.317,54256630328,86427540,1119,2.95,16654.76953
26/08/2015,222.08,372201.4177,54256630328,91014422,1120.75,2.95,16285.50977
25/08/2015,210.07,423446.5405,54256630328,93056448,1137.5,2.98,15666.44043
24/08/2015,228.11,369504.306,54256630328,40171357,1166.5,3.39,15871.34961
21/08/2015,235.35,406057.1232,52699842409,83122435,1156.5,3.6,16459.75
20/08/2015,226.9,398197.9531,52699842409,92590013,1147.7,3.47,16990.68945
19/08/2015,225.67,379859.8895,52699842409,90618565,1126.15,3.48,17348.73047
18/08/2015,257.93,377240.1661,52699842409,86472860,1111.45,3.98,17511.33984
17/08/2015,258.49,385099.3362,52699842409,55579679,1118.8,3.96,17545.17969
14/08/2015,264.13,351042.9323,52699842409,71276048,1118.25,3.88,17477.40039
13/08/2015,266.18,390338.783,52699842409,69892790,1116.75,3.97,17408.25
12/08/2015,270.6,322225.9752,52699842409,68147769,1119,4.14,17402.50977
11/08/2015,264.34,442733.2505,52699842409,68909307,1108.25,3.95,17402.83984
10/08/2015,265.48,458451.5907,52699842409,93522987,1097,3.9,17615.16992
07/08/2015,278.74,369025.1454,52278304846,64378476,1093.5,4.06,17373.38086
06/08/2015,281.91,363827.6082,52278304846,53340726,1089.75,4.35,17419.75
05/08/2015,284.85,327444.8473,52278304846,68213484,1085.1,4.37,17540.4707
04/08/2015,281.23,374222.6827,52278304846,60197462,1090.65,4.18,17550.68945
03/08/2015,282.81,382018.9886,52278304846,55632970,1091.9,4.17,17598.19922
31/07/2015,287.7,361228.8395,52278304846,59564971,1098.4,4.58,17689.85938
30/07/2015,289.1,356031.3023,52278304846,57134372,1087.5,4.79,17745.98047
29/07/2015,294.48,387216.5258,52278304846,58218216,1090.25,5.05,17751.39063
28/07/2015,293.63,369025.1454,52278304846,88465494,1096.2,4.67,17630.26953
27/07/2015,292.64,402809.1376,52278304846,51172701,1100,4.68,17440.58984
24/07/2015,276.01,426555.35,51076366304,66494345,1080.8,3.79,17568.5293
23/07/2015,277.34,378313.9712,51076366304,56501264,1097.4,3.83,17731.91992
22/07/2015,275.66,373235.9313,51076366304,51471899,1088.6,3.78,17851.03906
21/07/2015,278.88,355462.7917,51076366304,58457812,1105.6,3.93,17919.28906
20/07/2015,273.5,365618.8715,51076366304,50612170,1104.6,3.77,18100.41016
17/07/2015,278.09,365618.8715,51076366304,59778318,1132.8,3.72,18086.44922
16/07/2015,286.04,345306.7119,51076366304,72857510,1144.4,4.2,18120.25
15/07/2015,288.05,391009.0709,51076366304,61601890,1147.4,4.65,18050.16992
14/07/2015,292.03,352923.7718,51076366304,65965298,1157.4,4.68,18053.58008
13/07/2015,310.83,368157.8914,51076366304,67272969,1154,5.3,17977.67969
10/07/2015,269.16,383102.8473,49402014931,105642225,1159.3,7.53,17760.41016
09/07/2015,270.83,338898.6726,49402014931,65311331,1164.25,6.36,17548.61914
08/07/2015,265.98,378191.2723,49402014931,69235259,1158.5,5.25,17515.41992
07/07/2015,269.96,363456.5474,49402014931,84736311,1156.25,5.44,17776.91016
06/07/2015,271.11,417483.872,49402014931,94959442,1166,4.95,17683.58008
02/07/2015,258.55,343810.2475,49402014931,65219212,1165.25,3.93,17730.10938
01/07/2015,263.35,356089.185,49402014931,61661136,1168,4.09,17757.91016
30/06/2015,257.04,351177.61,49402014931,85281203,1171,3.74,17619.50977
29/06/2015,248.72,336442.8851,49402014931,58060302,1176,3.19,17596.34961
26/06/2015,242.6,365592.8448,49692386355,57634962,1170.5,2.85,17946.67969
25/06/2015,240.37,395235.5079,49692386355,48103894,1172.65,2.77,17890.35938
24/06/2015,244.28,373003.5106,49692386355,50479376,1173.75,2.97,17966.07031
23/06/2015,246.93,353241.7352,49692386355,54585787,1178,3.03,18144.07031
22/06/2015,243.97,365592.8448,49692386355,44621940,1185.5,3.02,18119.7793
19/06/2015,249.04,397705.7298,49692386355,104131527,1203.4,3.1,18015.94922
18/06/2015,249.43,380414.1763,49692386355,74981782,1201.85,2.89,18115.83984
17/06/2015,250.82,350771.5132,49692386355,87181576,1178,2.9,17935.74023
16/06/2015,236.76,303837.2967,49692386355,82533170,1177.75,2.02,17904.48047
15/06/2015,233.42,370533.2886,49692386355,48435031,1181.4,2,17791.16992
12/06/2015,229.71,321734.0315,47589591154,50074783,1182.8,1.79,17898.83984
11/06/2015,228.85,366682.1682,47589591154,57014257,1178.5,1.76,18039.36914
10/06/2015,228.99,373779.2424,47589591154,51729321,1188.5,1.8,18000.40039
09/06/2015,228.54,383242.0081,47589591154,53013732,1177.4,1.78,17764.03906
08/06/2015,222.88,333562.4885,47589591154,46863937,1172.8,1.73,17766.55078
05/06/2015,224.15,335928.1799,47589591154,51106434,1164.6,1.67,17849.46094
04/06/2015,225.77,335928.1799,47589591154,46705950,1176,1.69,17905.58008
03/06/2015,225.74,335928.1799,47589591154,51342887,1190,1.67,18076.26953
02/06/2015,222.89,345390.9455,47589591154,58583666,1192.8,1.62,18011.93945
01/06/2015,230.23,332393.9691,48807487245,54061315,1199.9,1.64,18040.36914
29/05/2015,237.38,380918.6361,48807487245,50625830,1191.4,1.84,18010.67969
28/05/2015,237.26,320262.8023,48807487245,45553743,1185,1.85,18126.11914
27/05/2015,237.07,351803.8359,48807487245,48236195,1185.85,1.82,18162.99023
26/05/2015,237.1,327541.5024,48807487245,40991325,1185.4,1.8,18041.53906
22/05/2015,235.32,344525.1358,48807487245,53003651,1204.1,1.48,18232.01953
21/05/2015,234.02,371213.7027,48807487245,42477985,1205,1.46,18285.74023
20/05/2015,231.89,344525.1358,48807487245,44881421,1210.5,1.45,18285.40039
19/05/2015,233.04,329967.7357,48807487245,47653800,1214.3,1.45,18312.39063
18/05/2015,236.89,332393.9691,48807487245,36923749,1223.5,1.45,18298.88086
15/05/2015,236.96,390780.4167,47643398018,43079301,1220.5,1.45,18272.56055
14/05/2015,236.21,331571.2626,47643398018,44447621,1225,1.45,18252.24023
13/05/2015,241.4,383675.3182,47643398018,46087784,1210.5,1.44,18060.49023
12/05/2015,242.15,374201.8535,47643398018,49854247,1191.5,1.44,18068.23047
11/05/2015,240.3,352886.5581,47643398018,43124535,1189.25,1.44,18105.16992
08/05/2015,237.2,350518.1919,47643398018,48016735,1186,1.45,18191.10938
07/05/2015,229.66,381306.952,47643398018,47357958,1187,1.39,17924.06055
06/05/2015,236.25,338676.3611,47643398018,43095033,1194.25,1.41,17841.98047
05/05/2015,238.85,364728.3889,47643398018,39710134,1197,1.41,17928.19922
04/05/2015,240.36,312624.3333,47643398018,38384611,1175.95,1.43,18070.40039
01/05/2015,235.94,347909.8979,47610564514,43312468,1175.95,1.44,18024.06055
30/04/2015,225.69,314775.6219,47610564514,46176646,1180.25,1.36,17840.51953
29/04/2015,225.59,305308.6859,47610564514,42213058,1209,1.36,18035.5293
28/04/2015,228.97,371577.2379,47610564514,48618543,1209,1.38,18110.14063
27/04/2015,219.43,326609.2919,47610564514,50565946,1200,1.32,18037.9707
24/04/2015,235.97,284008.0799,47610564514,42464891,1183,1.46,18080.14063
23/04/2015,234.05,326609.2919,47610564514,40213228,1185.75,1.46,18058.68945
22/04/2015,235.6,338442.9619,47610564514,49525610,1189.25,1.43,18038.26953
21/04/2015,224.62,376310.7059,47610564514,38968128,1195.3,1.41,17949.58984
20/04/2015,222.61,408026.9066,49446390688,41368777,1196.5,1.38,18034.92969
17/04/2015,228.57,329371.1174,49446390688,40555682,1203.35,1.42,17826.30078
16/04/2015,223.92,339203.091,49446390688,41323958,1204.35,1.38,18105.76953
15/04/2015,219.07,302333.1898,49446390688,41920036,1192.9,1.38,18112.60938
14/04/2015,224.76,388362.9593,49446390688,56332209,1194.75,1.38,18036.69922
13/04/2015,235.95,346577.0713,49446390688,36049660,1198.9,1.47,17977.03906
10/04/2015,243.69,349035.0647,49446390688,41603422,1207.35,1.59,18057.65039
09/04/2015,244.75,351493.0581,49446390688,50922224,1194.8,1.62,17958.73047
08/04/2015,253.06,292501.2162,49446390688,51341612,1207.25,1.67,17902.50977
07/04/2015,255.27,390820.9527,49446390688,50829827,1211,1.69,17875.41992
06/04/2015,260.72,317081.1503,49446390688,28323536,1198.5,1.7,17880.84961
02/04/2015,247.09,341384.2724,46717549645,53544855,1198.5,1.67,17763.24023
01/04/2015,244.22,329772.5625,46717549645,43509758,1197,1.65,17698.17969
31/03/2015,247.45,346028.9564,46717549645,42318994,1187,1.67,17776.11914
30/03/2015,242.88,329772.5625,46717549645,42268706,1185.5,1.66,17976.31055
27/03/2015,248.57,399442.8222,46717549645,56541941,1195.75,1.69,17712.66016
26/03/2015,246.28,346028.9564,46717549645,47532733,1203.15,1.67,17678.23047
25/03/2015,247.47,385508.7702,46717549645,55501612,1195.6,1.65,17718.53906
24/03/2015,266.58,387831.1122,46717549645,54478819,1191.5,1.78,18011.14063
23/03/2015,267.89,358360.7548,47427554951,46687559,1186.25,1.8,18116.03906
20/03/2015,260.96,332426.7528,47427554951,47009366,1183.1,1.76,18127.65039
19/03/2015,255.88,337142.0259,47427554951,60394974,1166,1.74,17959.0293
18/03/2015,285.07,332426.7528,47427554951,60289864,1147.25,1.98,18076.18945
17/03/2015,290.6,337142.0259,47427554951,47546831,1150.75,2.03,17849.08008
16/03/2015,285.68,308850.3873,47427554951,37389584,1150.75,2.02,17977.41992
13/03/2015,294.12,327711.4797,47427554951,55555889,1152,2.04,17749.31055
12/03/2015,296.13,313565.6604,47427554951,60449520,1152.25,2.02,17895.2207
11/03/2015,291.52,391367.6664,47427554951,71892311,1150,2.01,17635.39063
10/03/2015,289.86,356003.1182,47427554951,87360262,1162,1.94,17662.93945
09/03/2015,274.81,311208.0239,47427554951,48021598,1168.5,1.89,17995.7207
06/03/2015,275.6,366669.4836,46684376317,58987483,1175.75,1.92,17856.7793
05/03/2015,272.74,264558.9945,46684376317,56279040,1202,1.92,18135.7207
04/03/2015,281.99,364348.7907,46684376317,66912358,1199.5,1.96,18096.90039
03/03/2015,275.05,357386.7119,46684376317,65278663,1212.75,1.94,18203.36914
02/03/2015,260.36,348103.9401,46684376317,50999042,1212.5,1.89,18288.63086
27/02/2015,236.44,366669.4836,46684376317,55733310,1214,1.8,18132.69922
26/02/2015,237.34,334179.7825,46684376317,36345333,1208.25,1.81,18214.41992
25/02/2015,238.89,362028.0977,46684376317,42974777,1204.75,1.83,18224.57031
24/02/2015,239,320255.6249,46684376317,38278265,1192.5,1.81,18209.18945
23/02/2015,235.99,317934.932,46684376317,32388687,1204.5,1.8,18116.83984
20/02/2015,240.25,366841.8585,44455415962,38382817,1208.25,1.84,18140.43945
19/02/2015,236.41,362422.0771,44455415962,42918722,1209.5,1.83,17985.76953
18/02/2015,243.78,355792.405,44455415962,41181074,1206,1.86,18029.84961
17/02/2015,233.42,342533.0607,44455415962,36916500,1209.5,1.79,18047.58008
13/02/2015,221.97,309384.7,44455415962,56852658,1232.5,1.76,18019.34961
12/02/2015,219.21,300545.1371,44455415962,33532143,1222.5,1.73,17972.38086
11/02/2015,219.73,331483.6071,44455415962,43264785,1223.75,1.76,17862.14063
10/02/2015,220.28,331483.6071,44455415962,43915007,1234.5,1.73,17868.75977
09/02/2015,223.39,342533.0607,44455415962,39638684,1238.5,1.79,17729.21094
06/02/2015,216.92,359044.9957,41272873895,42596292,1241,1.74,17824.28906
05/02/2015,227.66,301597.7964,41272873895,45033515,1259.25,1.79,17884.88086
04/02/2015,227.51,330321.396,41272873895,44478360,1268.5,1.82,17673.01953
03/02/2015,237.45,276977.5681,41272873895,50503768,1264.25,1.87,17666.40039
02/02/2015,226.49,301597.7964,41272873895,33856084,1272.5,1.81,17361.03906
30/01/2015,232.77,285184.3109,41272873895,44384842,1260.25,1.91,17164.94922
29/01/2015,233.35,348786.5672,41272873895,54731886,1268.75,1.88,17416.84961
28/01/2015,263.35,324166.339,41272873895,41878308,1288,2.09,17191.36914
27/01/2015,273.17,316947.2606,43971662056,64964120,1288.5,2.07,17387.21094
26/01/2015,254.08,277602.0835,43971662056,96483300,1281.25,2.25,17678.69922
23/01/2015,233.52,271044.5539,43971662056,43759854,1294.75,1.41,17672.59961
22/01/2015,227.32,327876.4765,43971662056,60557888,1295.75,1.37,17813.98047
21/01/2015,211.38,299460.5152,43971662056,89138779,1293.5,1.32,17554.2793
20/01/2015,212.91,262301.1812,43971662056,39491841,1288.75,1.34,17515.23047
16/01/2015,209.07,325690.6334,43971662056,56039500,1277.5,1.28,17511.57031
15/01/2015,176.9,303832.2016,43971662056,79543803,1259,1.15,17320.71094
14/01/2015,223.89,330062.3197,43971662056,79330845,1235,1.55,17427.08984
13/01/2015,267.39,229513.5336,43971662056,78230238,1231.5,1.71,17613.67969
12/01/2015,266.15,358478.281,43971662056,51198106,1226.5,1.72,17640.83984
09/01/2015,282.38,307081.4704,40640955017,78073011,1217.75,2.01,17737.36914
08/01/2015,294.14,272736.8323,40640955017,51516706,1215.5,2.12,17907.86914
07/01/2015,286.08,299000.3791,40640955017,70955899,1210.5,2.12,17584.51953
06/01/2015,274.61,317182.8346,40640955017,56472457,1210.25,2.08,17371.64063
05/01/2015,265.08,339405.8358,40640955017,62633832,1200,1.96,17501.65039
02/01/2015,314.08,323243.6531,40640955017,28315237,1172,2.7,17832.99023
31/12/2014,310.91,313142.2889,40640955017,53657583,1206,2.7,17823.07031
30/12/2014,312.72,286371.916,39457671307,50225689,1206,2.7,17983.07031
29/12/2014,317.7,331485.3001,39457671307,41511175,1185.5,2.73,18038.23047
26/12/2014,319.15,282449.0131,39457671307,31492805,1175.75,2.7,18053.71094
24/12/2014,334.39,296179.1734,39457671307,70710498,1175.75,2.88,18030.21094
23/12/2014,332.02,317755.1397,39457671307,64168766,1175.75,2.89,18024.16992
22/12/2014,321.07,253027.2409,39457671307,62470240,1195.25,2.86,17959.43945
19/12/2014,311.18,243219.9835,39457671307,59773546,1195.5,2.81,17804.80078
18/12/2014,319.79,272641.7557,39457671307,85842180,1199,2.94,17778.15039
17/12/2014,326.86,252575.3311,40007470271,70794117,1195.75,3.01,17356.86914
16/12/2014,345.67,264508.0239,40007470271,62923964,1202.5,3.45,17068.86914
15/12/2014,351.36,304283.6666,40007470271,49816388,1209.25,3.48,17180.83984
12/12/2014,350.83,282407.0631,40007470271,48992200,1217,3.48,17280.83008
11/12/2014,344.34,288373.4095,40007470271,64049604,1216.25,3.49,17596.33984
10/12/2014,352.2,326160.27,40007470271,61438042,1229,3.52,17533.15039
09/12/2014,361.89,276440.7167,40007470271,113085882,1227,3.66,17801.19922
08/12/2014,374.96,298317.3202,40007470271,68344784,1193,3.71,17852.48047
05/12/2014,369.44,298317.3202,40007470271,99565413,1194,3.59,17958.78906
04/12/2014,375.72,294339.7559,40007470271,71221370,1209,3.61,17900.09961
03/12/2014,381.72,242402.3702,40300030328,78960564,1204.75,3.63,17912.61914
02/12/2014,379.25,284472.2031,40300030328,143589145,1195,3.58,17879.55078
01/12/2014,378.25,286475.5284,40300030328,60655884,1194,3.58,17776.80078
28/11/2014,369.37,310515.4329,40300030328,152938232,1182.75,3.56,17828.24023
26/11/2014,376.02,286475.5284,40300030328,62961524,1197.5,3.57,17827.75
25/11/2014,376.89,256425.6478,40300030328,77567837,1199,3.62,17814.93945
24/11/2014,366.95,310515.4329,40300030328,50358546,1197.5,3.59,17817.90039
21/11/2014,357.88,248412.3463,40300030328,57490040,1203.75,3.61,17810.06055
20/11/2014,380.31,274455.5762,40300030328,61164935,1190,3.81,17719
19/11/2014,373.9,274455.5762,40300030328,53664217,1196,3.78,17685.73047
18/11/2014,387.79,295306.3392,39603666252,87672375,1192.75,3.88,17687.82031
17/11/2014,388.35,299243.757,39603666252,66904022,1182.5,3.88,17647.75
14/11/2014,418.42,287431.5034,39603666252,121834674,1169,4.09,17634.74023
13/11/2014,427.27,287431.5034,39603666252,121129353,1161.75,4.13,17652.78906
12/11/2014,367.98,265775.7052,39603666252,90416694,1164.5,3.68,17612.19922
11/11/2014,365.86,277587.9588,39603666252,56457994,1156.5,3.7,17614.90039
10/11/2014,362.27,311056.0106,39603666252,62829504,1162,3.63,17613.74023
07/11/2014,349.82,283494.0856,39603666252,61950234,1154.5,3.65,17573.92969
06/11/2014,339.46,285462.7945,39603666252,51460059,1145,3.64,17554.4707
05/11/2014,330.68,314993.4284,39603666252,78016547,1142,3.59,17484.5293
04/11/2014,327.16,293372.3644,35985640265,47999638,1166.5,3.58,17383.83984
03/11/2014,325.57,277272.6615,35985640265,41105832,1167.75,3.59,17366.24023
31/10/2014,345.01,336304.9055,35985640265,47869731,1164.25,3.78,17390.51953
30/10/2014,335.71,309472.0673,35985640265,46623283,1202,3.73,17195.41992
29/10/2014,357.09,257595.2468,35985640265,48567875,1223.5,3.85,16974.31055
28/10/2014,353.21,268328.3821,35985640265,41415805,1229.25,3.81,17005.75
27/10/2014,354.78,266539.5262,35985640265,42217623,1228.75,3.72,16817.93945
24/10/2014,358.59,291583.5085,35985640265,57480880,1232.75,3.74,16805.41016
23/10/2014,382.96,255806.3909,35985640265,50354184,1232.75,3.85,16677.90039
22/10/2014,386.12,297537.0621,35002482026,73884654,1243.75,3.94,16461.32031
21/10/2014,382.42,243597.5947,35002482026,40702541,1250.25,3.91,16614.81055
20/10/2014,389.23,240117.6291,35002482026,47069051,1244.5,3.98,16399.66992
17/10/2014,382.76,233157.6978,35002482026,54457847,1234.25,3.99,16380.41016
16/10/2014,394.52,260997.4229,35002482026,48944986,1237.75,4.06,16117.24023
15/10/2014,400.95,255777.4744,35002482026,60127968,1237.5,4.08,16141.74023
14/10/2014,391.69,243597.5947,35002482026,85862253,1234.75,3.86,16315.19043
13/10/2014,377.92,266217.3713,35002482026,61807124,1229,3.85,16321.07031
10/10/2014,364.69,276657.2683,35002482026,66251247,1219,3.9,16544.09961
09/10/2014,352.75,247077.5603,35002482026,84680185,1226.75,3.91,16659.25
08/10/2014,336.12,225716.7765,34661425924,63475329,1217,3.86,16994.2207
07/10/2014,330.58,260177.3531,34661425924,52380811,1210.5,3.81,16719.39063
06/10/2014,320.39,275684.6125,34661425924,83003776,1195.75,3.7,16991.91016
03/10/2014,375.18,242947.0648,34661425924,45083900,1195,4.32,17009.68945
02/10/2014,383.99,255008.2666,34661425924,44654562,1211.75,4.43,16801.05078
01/10/2014,387.43,249839.1801,34661425924,56591522,1216.5,4.47,16804.71094
30/09/2014,376.09,261900.3819,34661425924,51711511,1216.5,4.25,17042.90039
29/09/2014,376.93,237777.9783,34661425924,62247510,1219.5,4.24,17071.2207
26/09/2014,411.43,260177.3531,34661425924,47166952,1213.75,4.51,17113.15039
25/09/2014,423.16,241703.5845,29829733124,45246389,1213.75,4.67,16945.80078
24/09/2014,435.75,241703.5845,29829733124,56605228,1217.25,4.74,17210.06055
23/09/2014,402.09,223909.4556,29829733124,44139679,1222,4.24,17055.86914
22/09/2014,399.1,232806.52,29829733124,34182377,1213.5,4.25,17172.67969
19/09/2014,424.1,240220.7404,29829733124,77510120,1219.75,4.69,17279.74023
18/09/2014,456.86,274326.1542,29829733124,64335430,1220.5,5.07,17265.99023
17/09/2014,465.86,280257.5305,29829733124,50978521,1236,5.09,17156.84961
16/09/2014,474.86,250600.6489,29829733124,43919238,1232.25,5.17,17131.9707
15/09/2014,477.77,219460.9233,29829733124,47445745,1234.25,5.4,17031.14063
12/09/2014,479.58,219521.0267,27428630902,44787910,1231.5,5.46,16987.50977
11/09/2014,479.62,220884.5113,27428630902,48039245,1241.25,5.34,17049
10/09/2014,475.48,212703.6035,27428630902,59807812,1251,5.06,17068.71094
09/09/2014,474.88,179979.9722,27428630902,51927046,1255.75,5.09,17013.86914
08/09/2014,481.81,208613.1496,27428630902,50577061,1259,5.16,17111.41992
05/09/2014,489.67,203159.211,27428630902,43749730,1266,5.17,17137.35938
04/09/2014,477.68,227701.9345,27428630902,43029156,1271.5,4.87,17069.58008
03/09/2014,476.87,216794.0574,27428630902,46474195,1265.5,4.82,17078.2793
02/09/2014,474.48,194978.3032,27428630902,57211483,1267,4.71,17067.56055
29/08/2014,508.42,196763.9462,23844670039,37526263,1285.75,5.29,17098.44922
28/08/2014,510.88,214543.8208,23844670039,65996027,1292,5.39,17079.57031
27/08/2014,512.19,190837.3213,23844670039,59515079,1282.75,5.55,17122.00977
26/08/2014,502.54,196763.9462,23844670039,48832021,1286,5.2,17106.69922
25/08/2014,508.22,158833.5469,23844670039,56406843,1277.25,5.4,17076.86914
22/08/2014,517.58,190837.3213,23844670039,75943076,1277.25,5.8,17001.2207
21/08/2014,510.45,199134.5961,23844670039,59265349,1275.25,5.46,17039.49023
20/08/2014,485.07,187281.3463,23844670039,51935426,1295,4.72,16979.13086
19/08/2014,461.48,202037.8,19729645941,58857523,1296.5,3.71,16919.58984
18/08/2014,491.51,171634.0534,19729645941,74095305,1296.75,4.35,16838.74023
15/08/2014,511.14,159864.8612,19729645941,68492066,1296,5.06,16662.91016
14/08/2014,546.18,166730.2233,19729645941,71874482,1313.5,5.04,16713.58008
13/08/2014,570.38,153980.265,19729645941,68343254,1312,5.65,16651.80078
12/08/2014,576.51,177518.6495,19729645941,61125967,1315.75,6.06,16560.53906
11/08/2014,591.28,178499.4155,19729645941,43160222,1307.25,6.96,16569.98047
08/08/2014,588.88,157903.3291,19729645941,45429230,1309.75,7.18,16553.92969
07/08/2014,584.65,146228.7892,18736441558,59148318,1305.25,7.19,16368.26953
06/08/2014,585.95,142503.215,18736441558,67956842,1306.5,7.26,16443.33984
05/08/2014,589.01,122943.9502,18736441558,79081409,1284.75,7.41,16429.4707
04/08/2014,586.23,125738.1308,18736441558,62145559,1290.5,7.54,16569.2793
01/08/2014,586.2,142503.215,18736441558,100025886,1291.25,7.54,16493.36914
31/07/2014,567.37,143434.6085,18736441558,49313391,1285.25,7.28,16563.30078
30/07/2014,584.74,162993.8733,18736441558,43910086,1294.5,7.65,16880.35938
29/07/2014,585.55,138777.6407,18736441558,44498551,1299.25,7.59,16912.10938
28/07/2014,594.14,126669.5244,18736441558,45007749,1304.5,7.76,16982.58984
25/07/2014,601.51,135301.4996,17336316979,47449138,1294.75,7.78,16960.57031
24/07/2014,619.5,128407.1557,17336316979,62927564,1292.75,8.47,17083.80078
23/07/2014,621.12,125821.7767,17336316979,45920939,1308,8.57,17086.63086
22/07/2014,622.27,123236.3978,17336316979,66301035,1310.25,8.59,17113.53906
21/07/2014,623.95,128407.1557,17336316979,50291603,1311.5,8.46,17051.73047
18/07/2014,622.37,137025.0856,17336316979,50696974,1307.25,8.66,17100.17969
17/07/2014,616.54,147366.6015,17336316979,44694593,1302.5,8.33,16976.81055
16/07/2014,622.01,142195.8436,17336316979,66491033,1301,8.56,17138.19922
15/07/2014,620,118927.4328,17336316979,41867255,1310,8.62,17060.67969
14/07/2014,626.56,124959.9838,17336316979,39773995,1306,8.9,17055.41992
11/07/2014,616.66,125407.5374,16818461371,45523061,1335,7.8,16943.81055
10/07/2014,624.83,128751.7384,16818461371,46194573,1340.25,7.78,16915.07031
09/07/2014,625.22,132931.9897,16818461371,55825336,1322.75,7.77,16985.60938
08/07/2014,622.57,135440.1404,16818461371,57967072,1323,7.58,16906.61914
07/07/2014,635.46,116210.9847,16818461371,38672026,1313,7.1,17024.21094
03/07/2014,650.77,111194.6832,16818461371,56230454,1317.5,8.07,17068.25977
02/07/2014,641.04,116210.9847,16818461371,70378228,1326.5,7.98,16976.24023
01/07/2014,641.39,115374.9344,16818461371,89902459,1327.5,8.96,16956.07031
30/06/2014,602.62,104506.2812,16818461371,53399280,1315,8.97,16826.59961
27/06/2014,581.3,125145.7271,13462580115,40507566,1317.5,9.09,16851.83984
26/06/2014,566.14,114438.0713,13462580115,64083057,1311.75,9.2,16846.13086
25/06/2014,581.81,124476.4987,13462580115,59876020,1316.75,9.61,16867.50977
24/06/2014,593.97,132507.2405,13462580115,130567463,1318.5,9.73,16818.13086
23/06/2014,602.16,105738.101,13462580115,48571764,1313.5,9.77,16937.25977
20/06/2014,597.4,123807.2702,13462580115,41117791,1312.5,10,16947.08008
19/06/2014,608.07,101053.5016,13462580115,48074149,1293,9.68,16921.46094
18/06/2014,609.77,113768.8429,13462580115,51361498,1269.75,9.67,16906.61914
17/06/2014,591.59,104027.0031,11756551917,42215599,1267.5,9.68,16808.49023
16/06/2014,592.65,118637.5372,11756551917,49711134,1276.25,9.96,16781.00977
13/06/2014,585.7,98182.78944,11756551917,176510642,1273,10.16,16775.74023
12/06/2014,633.43,90585.31168,11756551917,90337283,1265.75,10.93,16734.18945
11/06/2014,653.19,85325.51939,11756551917,94110214,1262,11.1,16843.88086
10/06/2014,650.04,103442.5817,11756551917,112205327,1259.5,11.21,16945.91992
09/06/2014,655.64,79481.30574,11756551917,34774064,1253.5,11.27,16943.09961
06/06/2014,659.28,86494.36212,11756551917,66893782,1247.5,11.3,16924.2793
05/06/2014,641.07,75364.71675,10455720139,63721940,1252.5,11.04,16836.10938
04/06/2014,666.77,95115.47011,10455720139,66164960,1245.25,11.47,16737.5293
03/06/2014,660.55,97714.25344,10455720139,84081482,1242.75,11.36,16722.33984
02/06/2014,629.65,93036.44344,10455720139,55263584,1247.25,11.15,16743.63086
30/05/2014,568.18,84720.33676,10455720139,64969710,1250.5,10.78,16717.16992
29/05/2014,576.33,68088.12341,10455720139,45401397,1255,11.01,16698.74023
28/05/2014,571.91,91996.9301,10455720139,81882997,1263.5,11.16,16633.17969
27/05/2014,582.59,67048.61008,10455720139,67580046,1275.5,11.55,16675.5
23/05/2014,525.72,69536.70248,8853416309,64993979,1291.5,10.65,16606.26953
22/05/2014,492.05,73497.65388,8853416309,55019591,1298.5,10.58,16543.08008
21/05/2014,485.8,78338.81671,8853416309,52751556,1287.25,10.6,16533.06055
20/05/2014,446.3,78778.92242,8853416309,59888248,1295.5,10.3,16374.30957
19/05/2014,446.08,77898.711,8853416309,31446950,1302,10.34,16511.85938
16/05/2014,447.39,80099.23956,8853416309,34513674,1291.5,10.48,16491.31055
15/05/2014,444.14,73057.54817,8853416309,45902853,1299,10.43,16446.81055
14/05/2014,440.59,66015.85678,8853416309,48349758,1305.25,10.41,16613.9707
13/05/2014,441.53,74817.97102,8853416309,36846458,1296.5,10.42,16715.43945
12/05/2014,438.3,69096.59676,8853416309,30211908,1298.75,10.34,16695.4707
09/05/2014,440.18,66022.43485,8000872136,36304065,1291.25,10.42,16583.33984
08/05/2014,438.68,62045.17974,8000872136,35665962,1287,10.51,16550.9707
07/05/2014,429.34,64829.25832,8000872136,48178380,1296,10.34,16518.53906
06/05/2014,433.36,73976.94507,8000872136,31741831,1306.25,10.21,16401.01953
05/05/2014,434.78,49715.68889,8000872136,27006284,1281.25,10.31,16530.55078
02/05/2014,457.36,67613.3369,8000872136,30820826,1281.25,11.13,16512.89063
01/05/2014,447.63,66817.88587,8000872136,34726960,1278.5,10.93,16558.86914
30/04/2014,446.89,58067.92463,8000872136,44103451,1288.5,10.4,16580.83984
29/04/2014,439.98,54813.38367,6978842650,43152464,1297.75,10.12,16535.36914
28/04/2014,430.72,57588.74487,6978842650,46745164,1299,9.79,16448.74023
25/04/2014,500.09,56894.90457,6978842650,57255580,1301.25,12.54,16361.45996
24/04/2014,490.83,50997.26202,6978842650,37114163,1291.5,12.14,16501.65039
23/04/2014,488.36,60711.02622,6978842650,57844227,1285.25,12.04,16501.65039
22/04/2014,495.45,53425.70307,6978842650,41304401,1286.75,12.5,16514.36914
21/04/2014,497.74,61404.86652,6978842650,68262812,1299,12.56,16449.25
17/04/2014,529.07,60364.10607,6978842650,66040408,1299,13.42,16408.53906
16/04/2014,522.18,45327.77186,6119726089,86171062,1301.5,13.3,16424.84961
15/04/2014,458.37,59321.58062,6119726089,60349096,1298,11.46,16262.55957
14/04/2014,414.83,55366.80858,6119726089,46601503,1325.75,10.39,16173.24023
11/04/2014,363.71,45327.77186,6119726089,86855660,1318,8.42,16026.75
10/04/2014,442.26,53237.31594,6119726089,89536231,1320.5,11.19,16170.21973
09/04/2014,453.18,44110.91892,6119726089,39205732,1301.75,11.38,16437.17969
08/04/2014,447.61,47457.2645,6119726089,48957258,1309.5,11.21,16256.13965
07/04/2014,461.47,44415.13216,6119726089,36774851,1299,11.66,16245.87012
04/04/2014,445.66,50027.37037,5006860589,58176471,1297.25,11.07,16412.71094
03/04/2014,436.44,51769.6171,5006860589,67793531,1284,11.26,16572.55078
02/04/2014,479.14,46045.09213,5006860589,53391233,1292,13.09,16573
01/04/2014,457,44551.73779,5006860589,59045962,1283.75,12.77,16532.60938
31/03/2014,462.3,41813.9215,5006860589,55749218,1291.75,13.15,16457.66016
28/03/2014,477.14,45547.30735,5006860589,85826500,1294.75,12.66,16323.05957
27/03/2014,580.26,41565.02911,5006860589,83614198,1296,16.28,16264.23047
26/03/2014,583.48,39324.9976,5006860589,46966514,1304,16.29,16268.99023
25/03/2014,585.03,37582.75087,5006860589,51866136,1313.5,16.23,16367.87988
24/03/2014,562.51,42044.61628,4250217920,46027817,1310.75,15.3,16276.69043
21/03/2014,588.29,38241.58566,4250217920,58137757,1336,16.4,16302.76953
20/03/2014,609.74,35283.67296,4250217920,81945774,1327,17.17,16331.04981
19/03/2014,613.9,32748.31921,4250217920,73064040,1338,19.45,16222.16992
18/03/2014,621.84,30635.52442,4250217920,55440433,1355.75,17.29,16336.19043
17/03/2014,630.92,37607.74722,4250217920,47725346,1378.5,17.35,16247.21973
14/03/2014,638.14,29367.84755,4250217920,140788486,1385,17,16065.66992
13/03/2014,633.62,35706.23191,4250217920,232498993,1368.75,17.16,16108.88965
12/03/2014,631.91,31866.35069,3815723799,191983433,1366,16.1,16340.08008
11/03/2014,627.95,31866.35069,3815723799,209103644,1346.25,16.01,16351.25
10/03/2014,636.33,31297.30871,3815723799,335365185,1344,15.98,16418.67969
06/03/2014,664.52,30728.26674,3815723799,80932841,1345.25,16.38,16421.89063
05/03/2014,666.24,30538.58608,3815723799,84472040,1337,16.99,16360.17969
04/03/2014,668.24,26365.61158,3815723799,130586369,1334.75,14.29,16395.88086
03/03/2014,562.56,26934.65356,3815723799,89976519,1349.5,12.78,16168.03027
28/02/2014,579.7,35659.96387,3815723799,71850164,1326.5,14.29,16321.70996
27/02/2014,581.65,28314.09059,3129573175,86979357,1332.25,14.26,16272.65039
26/02/2014,537.04,28158.51867,3129573175,78051369,1331.75,13.8,16198.41016
25/02/2014,540.24,26447.22748,3129573175,140332169,1339,14.5,16179.66016
24/02/2014,606.04,28314.09059,3129573175,90670244,1334.75,15.42,16207.13965
21/02/2014,556.88,26136.08362,3129573175,62632626,1323.25,13.98,16103.29981
20/02/2014,623.09,26602.7994,3129573175,57574083,1316.25,15.7,16133.23047
19/02/2014,625.97,29714.23793,3129573175,53670749,1320.5,15.56,16040.55957
18/02/2014,627.16,25980.5117,3129573175,73726238,1320.75,15.47,16130.40039
14/02/2014,601.17,24889.34793,2621404453,96607239,1320,15.37,16154.38965
13/02/2014,651.08,23455.92999,2621404453,51260221,1296,16.93,16027.58984
12/02/2014,672.38,21761.8906,2621404453,67142256,1289.5,17.41,15963.94043
11/02/2014,683.5,21761.8906,2621404453,92174104,1282,17.76,15994.76953
10/02/2014,681.32,19937.54049,2621404453,80274582,1277,18.3,15801.79004
07/02/2014,783.2,21501.26916,2621404453,110845030,1259.25,19.9,15794.08008
06/02/2014,815.59,21761.8906,2621404453,164571017,1256.5,20.86,15628.53027
05/02/2014,829.96,22283.13349,2621404453,111647129,1254.5,21.53,15440.23047
04/02/2014,823.77,18430.59399,2193847870,84175036,1250.25,21.9,15445.24023
03/02/2014,824.08,21157.01322,2193847870,47583167,1262,22.37,15372.79981
31/01/2014,818.43,20066.44552,2193847870,52245602,1251,21.65,15698.84961
30/01/2014,826.02,17449.08306,2193847870,73260237,1242.5,21.91,15848.61035
29/01/2014,809.96,17230.96953,2193847870,55425036,1264,21.42,15738.79004
28/01/2014,774.02,18103.42368,2193847870,109368085,1251.25,20.12,15928.55957
24/01/2014,822.43,21375.12675,2193847870,103284815,1267,22.3,15879.11035
08/01/2014,795.99,13891.07925,1418481395,113804404,1221,22.84,16462.74023
26/12/2013,683.94,10508.01787,1180923195,67082728,1199,21.65,16479.88086
24/12/2013,672.36,9744.865734,1180923195,83190871,1199,17.81,16357.54981
23/12/2013,613.06,9333.937661,1180923195,85126859,1199,16.74,16294.61035
20/12/2013,694.22,9121.181991,908350862.4,132627443,1195.25,19.85,16221.13965
19/12/2013,519.06,9753.343119,908350862.4,157726334,1196,13.43,16179.08008
18/12/2013,678.2,9482.416921,908350862.4,197594224,1230.5,21.85,16167.96973
27/11/2013,923.85,5029.393026,609482679.9,317679101,1245,19.91,16097.33008
26/11/2013,805.73,4968.79793,609482679.9,240113213,1247.5,12.38,16072.79981
25/11/2013,773.02,5453.558703,609482679.9,140067968,1243,10.32,16072.54004
21/11/2013,594.32,4484.037156,609482679.9,198846547,1240,8.01,16009.99023
20/11/2013,577.98,4938.500381,609482679.9,189981706,1257,7.96,15900.82031
19/11/2013,712.76,4696.119995,609482679.9,236770803,1275.75,9.42,15967.03027
18/11/2013,496.58,4968.79793,609482679.9,183156028,1283.5,4.13,15976.01953
15/11/2013,419.41,4139.948171,510929738,97870794,1287.25,4.27,15961.7002
14/11/2013,406.41,4292.338902,510929738,116172520,1286,4.11,15876.21973
13/11/2013,360.97,4774.909547,510929738,87048365,1272.5,4.02,15821.62988
12/11/2013,343.06,4800.308002,510929738,80529524,1281.25,4.01,15750.66992
11/11/2013,325.41,4952.698733,510929738,60555075,1282.5,3.91,15783.09961
08/11/2013,297.85,3377.99452,510929738,105554624,1285.5,4.38,15761.78027
07/11/2013,261.68,3911.362076,510929738,83843663,1307.25,3.36,15593.98047
06/11/2013,244.78,4114.549716,510929738,66303724,1319,3.04,15746.87988
05/11/2013,229.21,3303.639825,390928787.6,87485395,1307.25,3.08,15618.21973
04/11/2013,214.66,3886.635088,390928787.6,44225105,1320.5,2.9,15639.12012
01/11/2013,203.9,3692.303334,390928787.6,30585801,1306.75,2.34,15615.54981
31/10/2013,199.83,4061.533667,390928787.6,30015321,1324,2.28,15545.75
30/10/2013,204.39,3808.902386,390928787.6,33905628,1354.75,2.13,15618.75977
29/10/2013,198.55,3051.008544,390928787.6,56466616,1349.25,2.17,15680.34961
28/10/2013,196.21,3478.538404,390928787.6,23040191,1361,2.13,15568.92969
25/10/2013,197.69,3194.158224,267731249.5,59153404,1347.75,2.29,15570.28027
24/10/2013,214.3,2781.579453,267731249.5,49099293,1344.75,2.06,15509.20996
23/10/2013,193.36,2808.197439,267731249.5,48435641,1331.25,1.7,15413.33008
22/10/2013,182.65,3313.939157,267731249.5,65660979,1333,1.82,15467.66016
21/10/2013,174.8,2675.107513,267731249.5,30979595,1317.5,1.93,15392.2002
18/10/2013,146.37,2302.45572,267731249.5,23370691,1316.5,1.92,15399.65039
17/10/2013,142.41,2382.309675,267731249.5,25606096,1319.25,1.92,15371.65039
16/10/2013,145.65,2914.669379,267731249.5,29272418,1273.5,1.97,15373.83008
15/10/2013,140.77,2333.487041,189281249.3,25180562,1270.5,2.06,15168.00977
14/10/2013,139.27,2427.57926,189281249.3,23663367,1285.5,2.15,15301.25977
11/10/2013,130.75,1665.432283,189281249.3,20022201,1265.5,2.03,15237.11035
10/10/2013,130.67,1834.798278,189281249.3,19987068,1298.5,1.93,15126.07031
09/10/2013,125.85,1721.887615,189281249.3,22600153,1304,1.98,14802.98047
08/10/2013,126.74,1467.838622,189281249.3,16450364,1329.5,2.1,14776.53027
07/10/2013,129.43,1439.610956,189281249.3,22147123,1323.5,2.17,14936.24023
04/10/2013,123.41,1316.815974,148819199.8,18930821,1309.75,2.18,15072.58008
03/10/2013,114.45,1538.75125,148819199.8,39333168,1316,1.98,14996.48047
02/10/2013,132.05,1279.826761,148819199.8,30243868,1306.25,2.42,15133.13965
01/10/2013,132.68,1449.977139,148819199.8,28385075,1290.75,2.34,15191.7002
30/09/2013,137.15,1213.246178,148819199.8,17858428,1326.5,2.3,15129.66992
27/09/2013,128.94,1302.020289,148819199.8,20570062,1341,2.4,15258.24023
26/09/2013,128.21,1265.031076,148819199.8,19907594,1333,2.37,15328.29981
25/09/2013,127.38,1583.138305,148819199.8,22296216,1322.75,2.47,15273.25977
24/09/2013,126.05,1125.3579,112628548.7,26370038,1314.25,2.47,15334.58984
23/09/2013,128.98,1237.33381,112628548.7,19845271,1323,2.53,15401.37988
20/09/2013,129.7,1080.567536,112628548.7,18543950,1349.25,2.61,15451.08984
19/09/2013,131.37,1091.765127,112628548.7,27283020,1365.5,2.55,15636.54981
18/09/2013,131.71,845.4181239,112628548.7,20504733,1301,2.6,15676.94043
17/09/2013,131.59,990.9868074,112628548.7,17593089,1312.25,2.63,15529.73047
16/09/2013,130.86,946.1964433,112628548.7,15807935,1324,2.65,15494.78027
13/09/2013,132.83,907.5073882,86933017.77,17487264,1318.5,2.69,15376.05957
12/09/2013,135.55,898.8644607,86933017.77,19081844,1328,2.75,15300.63965
11/09/2013,125.89,868.6142144,86933017.77,17480102,1363.75,2.64,15326.59961
10/09/2013,127.27,803.7922581,86933017.77,18426068,1358.25,2.73,15191.05957
09/09/2013,121.86,834.0425044,86933017.77,15359356,1390,2.73,15063.12012
06/09/2013,126.49,821.0781131,86933017.77,16094489,1387,2.78,14922.5
05/09/2013,126.76,704.3985918,86933017.77,25503578,1385,2.82,14937.48047
04/09/2013,136.53,751.934693,86933017.77,24707681,1390,2.6,14930.87012
03/09/2013,135.61,604.6638454,65750060.15,21059813,1399.5,2.55,14833.95996
30/08/2013,122.35,634.0799243,65750060.15,19897419,1394.75,2.54,14810.30957
29/08/2013,122.62,647.1537372,65750060.15,26852781,1407.75,2.54,14840.9502
28/08/2013,126.48,545.8316874,65750060.15,23599317,1419.5,2.58,14824.50977
27/08/2013,120.07,562.1739535,65750060.15,22789346,1419.25,2.57,14776.12988
26/08/2013,122.11,532.7578746,65750060.15,15758636,1377.5,2.58,14946.45996
23/08/2013,122,543.0460656,50810339.05,18379588,1377.5,2.78,15010.50977
22/08/2013,123.3,525.365496,50810339.05,19417003,1375.5,2.69,14963.74023
21/08/2013,121.21,520.3139047,50810339.05,21477614,1363,2.77,14897.54981
20/08/2013,119,457.1690134,50810339.05,21774465,1372.5,2.82,15002.99023
19/08/2013,113.38,449.5916264,50810339.05,18536956,1365,2.8,15010.74023
16/08/2013,110,434.4368525,50810339.05,15799075,1369.25,2.76,15081.46973
15/08/2013,112.56,421.8078742,50810339.05,18697134,1329.75,2.74,15112.19043
14/08/2013,109.56,388.9725307,50810339.05,18877399,1326.5,2.76,15337.66016
13/08/2013,106.99,484.9527656,50810339.05,27791508,1328.5,2.66,15451.00977
12/08/2013,105,425.6662275,37392766.14,23274506,1341,2.69,15419.67969
09/08/2013,103.07,386.6313333,37392766.14,14108629,1309,2.71,15425.50977
08/08/2013,106.75,375.4785063,37392766.14,15173289,1298.25,2.75,15498.32031
07/08/2013,106.75,327.1495897,37392766.14,15577018,1282.5,2.82,15470.66992
06/08/2013,106.72,351.314048,37392766.14,17336173,1280.5,2.84,15518.74023
05/08/2013,105.12,356.8904615,37392766.14,16579173,1304.75,3,15612.12988
02/08/2013,104.86,295.2204697,31256960.73,17227543,1309.25,2.94,15658.36035
01/08/2013,106.21,287.4515099,31256960.73,24802510,1315,2.87,15628.01953
31/07/2013,107.95,309.2045972,31256960.73,27961402,1314.5,3,15499.54004
30/07/2013,101.49,287.4515099,31256960.73,17436599,1324.15,2.97,15520.58984
29/07/2013,98.6,257.929463,31256960.73,18173521,1329.75,2.94,15521.96973
26/07/2013,96.95,276.5749663,31256960.73,19630098,1331,2.98,15558.83008
25/07/2013,94.5,212.8694965,31256960.73,17564335,1326,2.95,15555.61035
24/07/2013,95.56,239.2839596,31256960.73,22100556,1335,2.99,15542.24023
23/07/2013,91.6,225.2998321,31256960.73,29454766,1333.5,2.89,15567.74023
22/07/2013,92,279.6825502,31256960.73,20691538,1327,2.95,15545.54981
19/07/2013,90.07,219.7952492,26162875.68,26606654,1295.75,2.88,15543.74023
18/07/2013,98.5,223.69694,26162875.68,29876056,1283.25,3.15,15548.54004
17/07/2013,96.71,219.7952492,26162875.68,35799465,1297.25,3.08,15470.51953
16/07/2013,98.89,213.2924311,26162875.68,21760731,1291.5,3,15451.84961
15/07/2013,93.61,222.3963764,26162875.68,14831969,1284.75,2.87,15484.25977
12/07/2013,88.98,214.5929947,26162875.68,32207761,1279.75,2.72,15464.29981
11/07/2013,88,249.7082121,26162875.68,17778704,1285,2.84,15460.91992
10/07/2013,76.72,181.3600287,21335329.11,25504393,1256,2.61,15291.66016
09/07/2013,76,213.1775775,21335329.11,24266100,1255.5,2.58,15300.33984
08/07/2013,76.5,197.2688031,21335329.11,14716112,1235.25,2.71,15224.69043
05/07/2013,79.99,187.7235384,21335329.11,23177973,1212.75,2.71,15135.83984
03/07/2013,90.4,185.6023685,21335329.11,21960742,1250,2.85,14988.37012
02/07/2013,88.05,166.5118392,21335329.11,23261977,1252.5,2.95,14932.41016
01/07/2013,97.51,162.2694993,21335329.11,19434641,1242.75,3.01,14974.95996
28/06/2013,101.74,161.5084369,19339258.27,16447575,1192,3.04,14909.59961
27/06/2013,104,159.5857174,19339258.27,14300350,1232.75,2.88,15024.49023
26/06/2013,103.33,181.6969915,19339258.27,16456972,1236.25,2.81,14910.13965
25/06/2013,102.09,142.281242,19339258.27,15094760,1279,2.85,14760.30957
24/06/2013,107.9,137.4744433,19339258.27,15989758,1286.75,3.13,14659.55957
21/06/2013,111.29,166.3152356,19339258.27,20329679,1295.25,2.33,14799.40039
20/06/2013,108.25,140.3585225,19339258.27,16649067,1292.5,2.3,14758.32031
19/06/2013,107.05,120.1699679,19339258.27,15008169,1372.75,2.3,15112.19043
18/06/2013,101.95,140.3585225,19339258.27,15606642,1366.75,2.28,15318.23047
17/06/2013,99.9,148.0494004,19339258.27,11990898,1384.75,2.14,15179.84961
14/06/2013,103.95,133.4307558,15605632.68,19223868,1391.25,2.27,15070.17969
13/06/2013,108.78,149.7217202,15605632.68,14604166,1385,2.4,15176.08008
12/06/2013,109,155.1520417,15605632.68,18866105,1382.75,2.41,14995.23047
11/06/2013,106.35,136.5337967,15605632.68,15612185,1374.25,2.49,15122.01953
10/06/2013,100.44,139.6368375,15605632.68,16832721,1383.25,2.38,15238.58984
07/06/2013,118.97,124.8973935,15605632.68,26030025,1386,2.78,15248.12012
06/06/2013,121.9,138.0853171,15605632.68,19417968,1400,2.88,15040.62012
05/06/2013,121.4,156.7035621,15605632.68,20651670,1404,2.87,14960.58984
04/06/2013,120.74,126.8713683,12153411.71,26471992,1399.5,2.7,15177.54004
03/06/2013,122.5,126.267219,12153411.71,21628574,1402.5,2.73,15254.03027
31/05/2013,128.8,112.3717834,12153411.71,21623328,1394.5,2.97,15115.57031
30/05/2013,132.25,102.101244,12153411.71,19997470,1413.5,3.08,15324.53027
29/05/2013,129,101.4970947,12153411.71,19647318,1382.5,3.09,15302.79981
28/05/2013,129.77,97.87219843,12153411.71,21874484,1376.5,3.1,15409.38965
24/05/2013,126.3,90.09169674,11187257.46,18356960,1390.25,3.17,15303.09961
23/05/2013,123.8,89.53557516,11187257.46,17289205,1380.5,3.12,15294.5
22/05/2013,122.89,92.31618308,11187257.46,16951340,1408.5,3.09,15307.16992
21/05/2013,122.02,82.86211614,11187257.46,18248895,1360.75,3.19,15387.58008
20/05/2013,122.5,76.74477871,11187257.46,14724464,1354.75,3.31,15335.28027
17/05/2013,118.21,89.53557516,11187257.46,22302152,1368.75,2.89,15354.40039
16/05/2013,114.22,80.6376298,11187257.46,24772186,1381,2.93,15233.21973
15/05/2013,111.4,81.74987297,11187257.46,33062756,1410,2.82,15275.69043
14/05/2013,117.98,81.74987297,11187257.46,23674574,1433.75,3.28,15215.25
13/05/2013,114.82,100.1018853,11187257.46,30970356,1430.75,3.26,15091.67969
10/05/2013,112.8,83.64950443,10076292.88,23437933,1426.5,3.41,15118.49023
09/05/2013,113.2,83.14860919,10076292.88,18432038,1465.5,3.4,15082.62012
08/05/2013,109.6,81.64592348,10076292.88,37158553,1468,3.28,15105.12012
07/05/2013,112.25,88.15756155,10076292.88,48700263,1444.25,3.37,15056.2002
06/05/2013,115.98,81.64592348,10076292.88,32747255,1469.25,3.59,14968.88965
03/05/2013,106.25,73.63159971,10076292.88,34738967,1469.25,3.39,14973.95996
02/05/2013,116.38,72.128914,10076292.88,33019004,1469.25,3.78,14831.58008
01/05/2013,139,70.62622829,10076292.88,32988744,1454.75,4.29,14700.9502
30/04/2013,144,74.63339018,10076292.88,32294820,1469,4.4,14839.79981
29/04/2013,134.44,80.74675611,8974296.015,41199388,1467.5,4.37,14818.75